"Account Number","Account Type","Side","Symbol","CUSIP","Currency Code","Security Type","Buy/Sell","Trade Date","Settlement Date","Process Date","Price","Qty","Trade Number","Principal Amount","NET Amount","Commission Amount","Execution Time","Raw Exec. Time","Market Code","Trailer","FeeSEC","FeeMF","Fee1","Fee2","Fee3","FeeStamp","FeeTAF","Fee4","Sequence Number","Side Seq Code","Capacity Code","Office Code","Rep Code","Special Code","Instructions Trade Legend Code","Factor Type2","Trade Interest","Original TradeNumber","Entry Time","Entered By","YieldToMature","YieldToCall","Mutual Fund Sales Charge Rate","Mutual Fund Load Indicator","Transtype"
"TEST1234    ","2","B  ","AZI         ","G06382132   ","USD","equity    ","Long Buy                                          ","06/09/2026","06/10/2026","06/09/2026","8.1949","100","NfGCP","819.4900","820.1400",".3500","07:55     ","06/09/2026 07:55:00","N","71102043",".0000000000",".0000000000",".0000000000",".3000000000",".0000000000",".0000000000",".0000000000",".0000000000","57691676","99","1","LF ","21 ","H "," ","       ",".0000000000","NfGCP","17013167","FIX",".0000000000",".0000000000",".0000000000"," ","Trade"
"TEST1234    ","2","S  ","AZI         ","G06382132   ","USD","equity    ","Long Sell                                         ","06/09/2026","06/10/2026","06/09/2026","8.4503","-100","NfGIF","-845.0300","-844.3400",".3500","07:55     ","06/09/2026 07:55:00","N","71102071",".0200000000",".0000000000",".0000000000",".3000000000",".0000000000",".0000000000",".0200000000",".0000000000","57691728","99","1","LF ","21 ","H "," ","       ",".0000000000","NfGIF","17013172","FIX",".0000000000",".0000000000",".0000000000"," ","Trade"
"TEST1234    ","2","S  ","AZI         ","G06382132   ","USD","equity    ","Long Sell                                         ","06/09/2026","06/10/2026","06/09/2026","8.4300","-100","NfG90","-843.0000","-842.3100",".3500","08:04     ","06/09/2026 08:04:00","N","71102879",".0200000000",".0000000000",".0000000000",".3000000000",".0000000000",".0000000000",".0200000000",".0000000000","57690429","99","1","LF ","21 ","H "," ","       ",".0000000000","NfG90","17013042","FIX",".0000000000",".0000000000",".0000000000"," ","Trade"
"TEST1234    ","2","B  ","AZI         ","G06382132   ","USD","equity    ","Long Buy                                          ","06/09/2026","06/10/2026","06/09/2026","8.2897","100","NfEzA","828.9700","829.6300",".3500","08:04     ","06/09/2026 08:04:00","N","71102869",".0000000000",".0000000000",".0000000000",".3100000000",".0000000000",".0000000000",".0000000000",".0000000000","57691774","99","1","LF ","21 ","H "," ","       ",".0000000000","NfEzA","17013177","FIX",".0000000000",".0000000000",".0000000000"," ","Trade"
"TEST1234    ","2","B  ","AZI         ","G06382132   ","USD","equity    ","Long Buy                                          ","06/09/2026","06/10/2026","06/09/2026","10.2997","100","NfFpU","1029.9700","1030.6300",".3500","08:06     ","06/09/2026 08:06:00","N","71103481",".0000000000",".0000000000",".0000000000",".3100000000",".0000000000",".0000000000",".0000000000",".0000000000","57690461","99","1","LF ","21 ","H "," ","       ",".0000000000","NfFpU","17013046","FIX",".0000000000",".0000000000",".0000000000"," ","Trade"
"TEST1234    ","2","S  ","AZI         ","G06382132   ","USD","equity    ","Long Sell                                         ","06/09/2026","06/10/2026","06/09/2026","9.8703","-100","NfFyh","-987.0300","-986.3200",".3500","08:06     ","06/09/2026 08:06:00","N","71103485",".0300000000",".0000000000",".0000000000",".3100000000",".0000000000",".0000000000",".0200000000",".0000000000","57690520","99","1","LF ","21 ","H "," ","       ",".0000000000","NfFyh","17013052","FIX",".0000000000",".0000000000",".0000000000"," ","Trade"
"TEST1234    ","2","B  ","AZI         ","G06382132   ","USD","equity    ","Long Buy                                          ","06/09/2026","06/10/2026","06/09/2026","11.0500","100","NfG5d","1105.0000","1105.2000",".3500","08:07     ","06/09/2026 08:07:00","N","71103550",".0000000000",".0000000000",".0000000000",".0000000000","-.1500000000",".0000000000",".0000000000",".0000000000","57690500","99","1","LF ","21 ","H "," ","       ",".0000000000","NfG5d","17013050","FIX",".0000000000",".0000000000",".0000000000"," ","Trade"
"TEST1234    ","2","S  ","AZI         ","G06382132   ","USD","equity    ","Long Sell                                         ","06/09/2026","06/10/2026","06/09/2026","11.7803","-100","NfGN2","-1178.0300","-1177.3300",".3500","08:07     ","06/09/2026 08:07:00","N","71103623",".0300000000",".0000000000",".0000000000",".3000000000",".0000000000",".0000000000",".0200000000",".0000000000","57696753","99","1","LF ","21 ","H "," ","       ",".0000000000","NfGN2","17013675","FIX",".0000000000",".0000000000",".0000000000"," ","Trade"
"TEST1234    ","2","B  ","AHMA        ","G0262A103   ","USD","equity    ","Long Buy                                          ","06/09/2026","06/10/2026","06/09/2026","5.3800","100","NfGDg","538.0000","538.2000",".3500","11:52     ","06/09/2026 11:52:00","N","71127447",".0000000000",".0000000000",".0000000000",".0000000000","-.1500000000",".0000000000",".0000000000",".0000000000","57689559","99","1","LF ","21 ","H "," ","       ",".0000000000","NfGDg","17012955","FIX",".0000000000",".0000000000",".0000000000"," ","Trade"
"TEST1234    ","2","S  ","AHMA        ","G0262A103   ","USD","equity    ","Long Sell                                         ","06/09/2026","06/10/2026","06/09/2026","5.3306","-100","NfGC4","-533.0600","-532.3700",".3500","11:52     ","06/09/2026 11:52:00","N","71127459",".0200000000",".0000000000",".0000000000",".3000000000",".0000000000",".0000000000",".0200000000",".0000000000","57689603","99","1","LF ","21 ","H "," ","       ",".0000000000","NfGC4","17012960","FIX",".0000000000",".0000000000",".0000000000"," ","Trade"
"TEST1234    ","2","B  ","VSME        ","G9517U111   ","USD","equity    ","Long Buy                                          ","06/10/2026","06/11/2026","06/10/2026","4.0497","100","Ndvxk","404.9700","405.6200",".3500","07:34     ","06/10/2026 07:34:00","N","71168304",".0000000000",".0000000000",".0000000000",".3000000000",".0000000000",".0000000000",".0000000000",".0000000000","58407029","99","1","LF ","21 ","H "," ","       ",".0000000000","Ndvxk","17132702","FIX",".0000000000",".0000000000",".0000000000"," ","Trade"
"TEST1234    ","2","S  ","VSME        ","G9517U111   ","USD","equity    ","Long Sell                                         ","06/10/2026","06/11/2026","06/10/2026","3.8100","-100","NdvM5","-381.0000","-380.3200",".3500","07:35     ","06/10/2026 07:35:00","N","71168385",".0100000000",".0000000000",".0000000000",".3000000000",".0000000000",".0000000000",".0200000000",".0000000000","58406894","99","1","LF ","21 ","H "," ","       ",".0000000000","NdvM5","17132689","FIX",".0000000000",".0000000000",".0000000000"," ","Trade"
"TEST1234    ","2","B  ","DSY         ","G1263B132   ","USD","equity    ","Long Buy                                          ","06/10/2026","06/11/2026","06/10/2026","5.7997","100","Ndw2J","579.9700","580.6200",".3500","07:50     ","06/10/2026 07:50:00","N","71171196",".0000000000",".0000000000",".0000000000",".3000000000",".0000000000",".0000000000",".0000000000",".0000000000","58406965","99","1","LF ","21 ","H "," ","       ",".0000000000","Ndw2J","17132696","FIX",".0000000000",".0000000000",".0000000000"," ","Trade"
"TEST1234    ","2","S  ","DSY         ","G1263B132   ","USD","equity    ","Long Sell                                         ","06/10/2026","06/11/2026","06/10/2026","6.0600","-100","NdvwF","-606.0000","-605.7600",".3500","07:50     ","06/10/2026 07:50:00","N","71171244",".0200000000",".0000000000",".0000000000",".0000000000","-.1500000000",".0000000000",".0200000000",".0000000000","58407212","99","1","LF ","21 ","H "," ","       ",".0000000000","NdvwF","17132721","FIX",".0000000000",".0000000000",".0000000000"," ","Trade"
"TEST1234    ","2","B  ","DSY         ","G1263B132   ","USD","equity    ","Long Buy                                          ","06/10/2026","06/11/2026","06/10/2026","6.8497","100","Ndvw8","684.9700","685.6200",".3500","07:56     ","06/10/2026 07:56:00","N","71172806",".0000000000",".0000000000",".0000000000",".3000000000",".0000000000",".0000000000",".0000000000",".0000000000","58406775","99","1","LF ","21 ","H "," ","       ",".0000000000","Ndvw8","17132677","FIX",".0000000000",".0000000000",".0000000000"," ","Trade"
"TEST1234    ","2","S  ","DSY         ","G1263B132   ","USD","equity    ","Long Sell                                         ","06/10/2026","06/11/2026","06/10/2026","7.1400","-100","NdvjF","-714.0000","-713.7600",".3500","07:57     ","06/10/2026 07:57:00","N","71172831",".0200000000",".0000000000",".0000000000",".0000000000","-.1500000000",".0000000000",".0200000000",".0000000000","58406840","99","1","LF ","21 ","H "," ","       ",".0000000000","NdvjF","17132684","FIX",".0000000000",".0000000000",".0000000000"," ","Trade"
"TEST1234    ","2","B  ","DSY         ","G1263B132   ","USD","equity    ","Long Buy                                          ","06/10/2026","06/11/2026","06/10/2026","7.6900","100","Ndw5Q","769.0000","769.2000",".3500","07:57     ","06/10/2026 07:57:00","N","71172859",".0000000000",".0000000000",".0000000000",".0000000000","-.1500000000",".0000000000",".0000000000",".0000000000","58409755","99","1","LF ","21 ","H "," ","       ",".0000000000","Ndw5Q","17132975","FIX",".0000000000",".0000000000",".0000000000"," ","Trade"
"TEST1234    ","2","S  ","DSY         ","G1263B132   ","USD","equity    ","Long Sell                                         ","06/10/2026","06/11/2026","06/10/2026","8.3800","-100","Ndvy9","-838.0000","-837.7600",".3500","07:57     ","06/10/2026 07:57:00","N","71172899",".0200000000",".0000000000",".0000000000",".0000000000","-.1500000000",".0000000000",".0200000000",".0000000000","58409933","99","1","LF ","21 ","H "," ","       ",".0000000000","Ndvy9","17132993","FIX",".0000000000",".0000000000",".0000000000"," ","Trade"
"TEST1234    ","2","B  ","DSY         ","G1263B132   ","USD","equity    ","Long Buy                                          ","06/10/2026","06/11/2026","06/10/2026","8.0500","100","Ndw78","805.0000","805.2000",".3500","07:59     ","06/10/2026 07:59:00","N","71173032",".0000000000",".0000000000",".0000000000",".0000000000","-.1500000000",".0000000000",".0000000000",".0000000000","58409913","99","1","LF ","21 ","H "," ","       ",".0000000000","Ndw78","17132991","FIX",".0000000000",".0000000000",".0000000000"," ","Trade"
"TEST1234    ","2","S  ","DSY         ","G1263B132   ","USD","equity    ","Long Sell                                         ","06/10/2026","06/11/2026","06/10/2026","7.1503","-100","Ndvwf","-715.0300","-714.3300",".3500","07:59     ","06/10/2026 07:59:00","N","71173089",".0200000000",".0000000000",".0000000000",".3100000000",".0000000000",".0000000000",".0200000000",".0000000000","58409950","99","1","LF ","21 ","H "," ","       ",".0000000000","Ndvwf","17132995","FIX",".0000000000",".0000000000",".0000000000"," ","Trade"
"TEST1234    ","2","B  ","DAIC        ","171756208   ","USD","equity    ","Long Buy                                          ","06/10/2026","06/11/2026","06/10/2026","3.6797","100","Ndw7f","367.9700","368.6200",".3500","08:01     ","06/10/2026 08:01:00","N","71173706",".0000000000",".0000000000",".0000000000",".3000000000",".0000000000",".0000000000",".0000000000",".0000000000","58414300","99","1","LF ","21 ","H "," ","       ",".0000000000","Ndw7f","17133430","FIX",".0000000000",".0000000000",".0000000000"," ","Trade"
"TEST1234    ","2","S  ","CLWT        ","G32030127   ","USD","equity    ","Long Sell                                         ","06/10/2026","06/11/2026","06/10/2026","2.5003","-100","Ndw1b","-250.0300","-249.3500",".3500","08:01     ","06/10/2026 08:01:00","N","71173651",".0100000000",".0000000000",".0000000000",".3000000000",".0000000000",".0000000000",".0200000000",".0000000000","58414363","99","1","LF ","21 ","H "," ","       ",".0000000000","Ndw1b","17133436","FIX",".0000000000",".0000000000",".0000000000"," ","Trade"
"TEST1234    ","2","B  ","CLWT        ","G32030127   ","USD","equity    ","Long Buy                                          ","06/10/2026","06/11/2026","06/10/2026","3.6600","100","NdwC7","366.0000","366.2000",".3500","08:01     ","06/10/2026 08:01:00","N","71173421",".0000000000",".0000000000",".0000000000",".0000000000","-.1500000000",".0000000000",".0000000000",".0000000000","58414594","99","1","LF ","21 ","H "," ","       ",".0000000000","NdwC7","17133459","FIX",".0000000000",".0000000000",".0000000000"," ","Trade"
"TEST1234    ","2","S  ","DAIC        ","171756208   ","USD","equity    ","Long Sell                                         ","06/10/2026","06/11/2026","06/10/2026","4.2866","-100","NdwC5","-428.6600","-427.9700",".3500","08:02     ","06/10/2026 08:02:00","N","71173841",".0100000000",".0000000000",".0000000000",".3100000000",".0000000000",".0000000000",".0200000000",".0000000000","58414535","99","1","LF ","21 ","H "," ","       ",".0000000000","NdwC5","17133453","FIX",".0000000000",".0000000000",".0000000000"," ","Trade"
"TEST1234    ","2","S  ","DSY         ","G1263B132   ","USD","equity    ","Long Sell                                         ","06/10/2026","06/11/2026","06/10/2026","9.2303","-100","NdvwE","-923.0300","-922.3300",".3500","08:07     ","06/10/2026 08:07:00","N","71174730",".0200000000",".0000000000",".0000000000",".3100000000",".0000000000",".0000000000",".0200000000",".0000000000","58407087","99","1","LF ","21 ","H "," ","       ",".0000000000","NdvwE","17132708","FIX",".0000000000",".0000000000",".0000000000"," ","Trade"
"TEST1234    ","2","B  ","DSY         ","G1263B132   ","USD","equity    ","Long Buy                                          ","06/10/2026","06/11/2026","06/10/2026","8.9800","100","Ndvym","898.0000","898.2000",".3500","08:07     ","06/10/2026 08:07:00","N","71174624",".0000000000",".0000000000",".0000000000",".0000000000","-.1500000000",".0000000000",".0000000000",".0000000000","58414810","99","1","LF ","21 ","H "," ","       ",".0000000000","Ndvym","17133481","FIX",".0000000000",".0000000000",".0000000000"," ","Trade"
"TEST1234    ","2","S  ","DSY         ","G1263B132   ","USD","equity    ","Long Sell                                         ","06/10/2026","06/11/2026","06/10/2026","10.5403","-100","Ndv2s","-1054.0300","-1053.3300",".3500","08:18     ","06/10/2026 08:18:00","N","71176427",".0300000000",".0000000000",".0000000000",".3000000000",".0000000000",".0000000000",".0200000000",".0000000000","58406805","99","1","LF ","21 ","H "," ","       ",".0000000000","Ndv2s","17132680","FIX",".0000000000",".0000000000",".0000000000"," ","Trade"
"TEST1234    ","2","B  ","DSY         ","G1263B132   ","USD","equity    ","Long Buy                                          ","06/10/2026","06/11/2026","06/10/2026","10.5500","100","NdvYy","1055.0000","1055.2000",".3500","08:18     ","06/10/2026 08:18:00","N","71176385",".0000000000",".0000000000",".0000000000",".0000000000","-.1500000000",".0000000000",".0000000000",".0000000000","58406880","99","1","LF ","21 ","H "," ","       ",".0000000000","NdvYy","17132688","FIX",".0000000000",".0000000000",".0000000000"," ","Trade"
"TEST1234    ","2","B  ","VSME        ","G9517U111   ","USD","equity    ","Long Buy                                          ","06/10/2026","06/11/2026","06/10/2026","3.6900","100","Ndw2K","369.0000","369.6500",".3500","08:43     ","06/10/2026 08:43:00","N","71178745",".0000000000",".0000000000",".0000000000",".3000000000",".0000000000",".0000000000",".0000000000",".0000000000","58408147","99","1","LF ","21 ","H "," ","       ",".0000000000","Ndw2K","17132814","FIX",".0000000000",".0000000000",".0000000000"," ","Trade"
"TEST1234    ","2","S  ","VSME        ","G9517U111   ","USD","equity    ","Long Sell                                         ","06/10/2026","06/11/2026","06/10/2026","3.4200","-100","NdvgV","-342.0000","-341.3200",".3500","08:44     ","06/10/2026 08:44:00","N","71178885",".0100000000",".0000000000",".0000000000",".3000000000",".0000000000",".0000000000",".0200000000",".0000000000","58408166","99","1","LF ","21 ","H "," ","       ",".0000000000","NdvgV","17132816","FIX",".0000000000",".0000000000",".0000000000"," ","Trade"
"TEST1234    ","2","B  ","VSME        ","G9517U111   ","USD","equity    ","Long Buy                                          ","06/10/2026","06/11/2026","06/10/2026","3.6197","100","Ndvsu","361.9700","362.6200",".3500","08:44     ","06/10/2026 08:44:00","N","71178902",".0000000000",".0000000000",".0000000000",".3000000000",".0000000000",".0000000000",".0000000000",".0000000000","58408200","99","1","LF ","21 ","H "," ","       ",".0000000000","Ndvsu","17132820","FIX",".0000000000",".0000000000",".0000000000"," ","Trade"
"TEST1234    ","2","S  ","VSME        ","G9517U111   ","USD","equity    ","Long Sell                                         ","06/10/2026","06/11/2026","06/10/2026","3.6203","-100","Ndw0y","-362.0300","-361.3400",".3500","08:45     ","06/10/2026 08:45:00","N","71179026",".0100000000",".0000000000",".0000000000",".3100000000",".0000000000",".0000000000",".0200000000",".0000000000","58407219","99","1","LF ","21 ","H "," ","       ",".0000000000","Ndw0y","17132721","FIX",".0000000000",".0000000000",".0000000000"," ","Trade"
"TEST1234    ","2","B  ","DSY         ","G1263B132   ","USD","equity    ","Long Buy                                          ","06/10/2026","06/11/2026","06/10/2026","7.8597","100","Ndw2T","785.9700","786.6200",".3500","08:52     ","06/10/2026 08:52:00","N","71179431",".0000000000",".0000000000",".0000000000",".3000000000",".0000000000",".0000000000",".0000000000",".0000000000","58410138","99","1","LF ","21 ","H "," ","       ",".0000000000","Ndw2T","17133013","FIX",".0000000000",".0000000000",".0000000000"," ","Trade"
"TEST1234    ","2","S  ","DSY         ","G1263B132   ","USD","equity    ","Long Sell                                         ","06/10/2026","06/11/2026","06/10/2026","8.1537","-100","Ndw1L","-815.3700","-814.6800",".3500","08:52     ","06/10/2026 08:52:00","N","71179472",".0200000000",".0000000000",".0000000000",".3000000000",".0000000000",".0000000000",".0200000000",".0000000000","58410266","99","1","LF ","21 ","H "," ","       ",".0000000000","Ndw1L","17133026","FIX",".0000000000",".0000000000",".0000000000"," ","Trade"
"TEST1234    ","2","B  ","DSY         ","G1263B132   ","USD","equity    ","Long Buy                                          ","06/10/2026","06/11/2026","06/10/2026","8.2898","100","Ndw2U","828.9800","829.6300",".3500","08:57     ","06/10/2026 08:57:00","N","71179774",".0000000000",".0000000000",".0000000000",".3000000000",".0000000000",".0000000000",".0000000000",".0000000000","58410196","99","1","LF ","21 ","H "," ","       ",".0000000000","Ndw2U","17133019","FIX",".0000000000",".0000000000",".0000000000"," ","Trade"
"TEST1234    ","2","S  ","DSY         ","G1263B132   ","USD","equity    ","Long Sell                                         ","06/10/2026","06/11/2026","06/10/2026","7.5501","-100","NdvzN","-755.0100","-754.3200",".3500","08:58     ","06/10/2026 08:58:00","N","71179823",".0200000000",".0000000000",".0000000000",".3000000000",".0000000000",".0000000000",".0200000000",".0000000000","58410158","99","1","LF ","21 ","H "," ","       ",".0000000000","NdvzN","17133015","FIX",".0000000000",".0000000000",".0000000000"," ","Trade"
"TEST1234    ","2","B  ","DSY         ","G1263B132   ","USD","equity    ","Long Buy                                          ","06/10/2026","06/11/2026","06/10/2026","14.7794","100","Ndw91","1477.9400","1478.5900",".3500","10:09     ","06/10/2026 10:09:00","N","71189040",".0000000000",".0000000000",".0000000000",".3000000000",".0000000000",".0000000000",".0000000000",".0000000000","58414688","99","1","LF ","21 ","H "," ","       ",".0000000000","Ndw91","17133468","FIX",".0000000000",".0000000000",".0000000000"," ","Trade"
"TEST1234    ","2","S  ","DSY         ","G1263B132   ","USD","equity    ","Long Sell                                         ","06/10/2026","06/11/2026","06/10/2026","14.7506","-100","NdvrF","-1475.0600","-1474.3500",".3500","10:09     ","06/10/2026 10:09:00","N","71189061",".0400000000",".0000000000",".0000000000",".3000000000",".0000000000",".0000000000",".0200000000",".0000000000","58414703","99","1","LF ","21 ","H "," ","       ",".0000000000","NdvrF","17133470","FIX",".0000000000",".0000000000",".0000000000"," ","Trade"
"TEST1234    ","2","B  ","DSY         ","G1263B132   ","USD","equity    ","Long Buy                                          ","06/10/2026","06/11/2026","06/10/2026","14.9900","100","Ndw2s","1499.0000","1499.2000",".3500","10:11     ","06/10/2026 10:11:00","N","71189234",".0000000000",".0000000000",".0000000000",".0000000000","-.1500000000",".0000000000",".0000000000",".0000000000","58414718","99","1","LF ","21 ","H "," ","       ",".0000000000","Ndw2s","17133471","FIX",".0000000000",".0000000000",".0000000000"," ","Trade"
"TEST1234    ","2","S  ","DSY         ","G1263B132   ","USD","equity    ","Long Sell                                         ","06/10/2026","06/11/2026","06/10/2026","15.6200","-100","NdwC8","-1562.0000","-1561.7400",".3500","10:11     ","06/10/2026 10:11:00","N","71189336",".0400000000",".0000000000",".0000000000",".0000000000","-.1500000000",".0000000000",".0200000000",".0000000000","58414731","99","1","LF ","21 ","H "," ","       ",".0000000000","NdwC8","17133473","FIX",".0000000000",".0000000000",".0000000000"," ","Trade"
"TEST1234    ","2","S  ","DSY         ","G1263B132   ","USD","equity    ","Long Sell                                         ","06/10/2026","06/11/2026","06/10/2026","16.3700","-100","NdvZ0","-1637.0000","-1636.7400",".3500","10:12     ","06/10/2026 10:12:00","N","71189439",".0400000000",".0000000000",".0000000000",".0000000000","-.1500000000",".0000000000",".0200000000",".0000000000","58408062","99","1","LF ","21 ","H "," ","       ",".0000000000","NdvZ0","17132806","FIX",".0000000000",".0000000000",".0000000000"," ","Trade"
"TEST1234    ","2","B  ","DSY         ","G1263B132   ","USD","equity    ","Long Buy                                          ","06/10/2026","06/11/2026","06/10/2026","16.1894","100","NdwC9","1618.9400","1619.5900",".3500","10:12     ","06/10/2026 10:12:00","N","71189386",".0000000000",".0000000000",".0000000000",".3000000000",".0000000000",".0000000000",".0000000000",".0000000000","58414826","99","1","LF ","21 ","H "," ","       ",".0000000000","NdwC9","17133482","FIX",".0000000000",".0000000000",".0000000000"," ","Trade"
"TEST1234    ","2","B  ","DSY         ","G1263B132   ","USD","equity    ","Long Buy                                          ","06/10/2026","06/11/2026","06/10/2026","16.8620","100","Ndvr4","1686.2000","1686.8500",".3500","10:13     ","06/10/2026 10:13:00","N","71189547",".0000000000",".0000000000",".0000000000",".3000000000",".0000000000",".0000000000",".0000000000",".0000000000","58406929","99","1","LF ","21 ","H "," ","       ",".0000000000","Ndvr4","17132692","FIX",".0000000000",".0000000000",".0000000000"," ","Trade"
"TEST1234    ","2","S  ","DSY         ","G1263B132   ","USD","equity    ","Long Sell                                         ","06/10/2026","06/11/2026","06/10/2026","17.3300","-100","NdvgU","-1733.0000","-1732.2900",".3500","10:13     ","06/10/2026 10:13:00","N","71189569",".0400000000",".0000000000",".0000000000",".3000000000",".0000000000",".0000000000",".0200000000",".0000000000","58406996","99","1","LF ","21 ","H "," ","       ",".0000000000","NdvgU","17132699","FIX",".0000000000",".0000000000",".0000000000"," ","Trade"
"TEST1234    ","2","S  ","DSY         ","G1263B132   ","USD","equity    ","Long Sell                                         ","06/10/2026","06/11/2026","06/10/2026","19.3700","-100","NdvvK","-1937.0000","-1936.2900",".3500","10:14     ","06/10/2026 10:14:00","N","71189776",".0400000000",".0000000000",".0000000000",".3000000000",".0000000000",".0000000000",".0200000000",".0000000000","58407008","99","1","LF ","21 ","H "," ","       ",".0000000000","NdvvK","17132700","FIX",".0000000000",".0000000000",".0000000000"," ","Trade"
"TEST1234    ","2","B  ","DSY         ","G1263B132   ","USD","equity    ","Long Buy                                          ","06/10/2026","06/11/2026","06/10/2026","19.1400","100","NdvwG","1914.0000","1914.6500",".3500","10:14     ","06/10/2026 10:14:00","N","71189767",".0000000000",".0000000000",".0000000000",".3000000000",".0000000000",".0000000000",".0000000000",".0000000000","58407299","99","1","LF ","21 ","H "," ","       ",".0000000000","NdvwG","17132729","FIX",".0000000000",".0000000000",".0000000000"," ","Trade"
"TEST1234    ","2","B  ","DSY         ","G1263B132   ","USD","equity    ","Long Buy                                          ","06/10/2026","06/11/2026","06/10/2026","12.2952","100","NdvWL","1229.5200","1230.1700",".3500","10:26     ","06/10/2026 10:26:00","N","71191188",".0000000000",".0000000000",".0000000000",".3000000000",".0000000000",".0000000000",".0000000000",".0000000000","58406980","99","1","LF ","21 ","H "," ","       ",".0000000000","NdvWL","17132698","FIX",".0000000000",".0000000000",".0000000000"," ","Trade"
"TEST1234    ","2","S  ","DSY         ","G1263B132   ","USD","equity    ","Long Sell                                         ","06/10/2026","06/11/2026","06/10/2026","12.6235","-100","Ndw0r","-1262.3500","-1261.6500",".3500","10:27     ","06/10/2026 10:27:00","N","71191204",".0300000000",".0000000000",".0000000000",".3000000000",".0000000000",".0000000000",".0200000000",".0000000000","58406743","99","1","LF ","21 ","H "," ","       ",".0000000000","Ndw0r","17132674","FIX",".0000000000",".0000000000",".0000000000"," ","Trade"
"TEST1234    ","2","S  ","DSY         ","G1263B132   ","USD","equity    ","Long Sell                                         ","06/10/2026","06/11/2026","06/10/2026","14.8206","-100","NdvZ8","-1482.0600","-1481.3500",".3500","10:34     ","06/10/2026 10:34:00","N","71191967",".0400000000",".0000000000",".0000000000",".3000000000",".0000000000",".0000000000",".0200000000",".0000000000","58409885","99","1","LF ","21 ","H "," ","       ",".0000000000","NdvZ8","17132988","FIX",".0000000000",".0000000000",".0000000000"," ","Trade"
"TEST1234    ","2","B  ","DSY         ","G1263B132   ","USD","equity    ","Long Buy                                          ","06/10/2026","06/11/2026","06/10/2026","15.6400","100","Ndw40","1564.0000","1564.6500",".3500","10:34     ","06/10/2026 10:34:00","N","71191923",".0000000000",".0000000000",".0000000000",".3000000000",".0000000000",".0000000000",".0000000000",".0000000000","58410256","99","1","LF ","21 ","H "," ","       ",".0000000000","Ndw40","17133025","FIX",".0000000000",".0000000000",".0000000000"," ","Trade"
"TEST1234    ","2","B  ","DSY         ","G1263B132   ","USD","equity    ","Long Buy                                          ","06/10/2026","06/11/2026","06/10/2026","16.4625","100","Ndvwe","1646.2500","1646.9000",".3500","10:35     ","06/10/2026 10:35:00","N","71192070",".0000000000",".0000000000",".0000000000",".3000000000",".0000000000",".0000000000",".0000000000",".0000000000","58409842","99","1","LF ","21 ","H "," ","       ",".0000000000","Ndvwe","17132984","FIX",".0000000000",".0000000000",".0000000000"," ","Trade"
"TEST1234    ","2","S  ","DSY         ","G1263B132   ","USD","equity    ","Long Sell                                         ","06/10/2026","06/11/2026","06/10/2026","16.7886","-100","Ndw5T","-1678.8600","-1678.1500",".3500","10:35     ","06/10/2026 10:35:00","N","71192106",".0400000000",".0000000000",".0000000000",".3000000000",".0000000000",".0000000000",".0200000000",".0000000000","58410173","99","1","LF ","21 ","H "," ","       ",".0000000000","Ndw5T","17133017","FIX",".0000000000",".0000000000",".0000000000"," ","Trade"
"TEST1234    ","2","S  ","DSY         ","G1263B132   ","USD","equity    ","Long Sell                                         ","06/10/2026","06/11/2026","06/10/2026","17.4900","-100","Ndw92","-1749.0000","-1748.7400",".3500","10:36     ","06/10/2026 10:36:00","N","71192143",".0400000000",".0000000000",".0000000000",".0000000000","-.1500000000",".0000000000",".0200000000",".0000000000","58414772","99","1","LF ","21 ","H "," ","       ",".0000000000","Ndw92","17133477","FIX",".0000000000",".0000000000",".0000000000"," ","Trade"
"TEST1234    ","2","B  ","DSY         ","G1263B132   ","USD","equity    ","Long Buy                                          ","06/10/2026","06/11/2026","06/10/2026","16.9710","100","Ndw2t","1697.1000","1697.7500",".3500","10:36     ","06/10/2026 10:36:00","N","71192121",".0000000000",".0000000000",".0000000000",".3000000000",".0000000000",".0000000000",".0000000000",".0000000000","58414844","99","1","LF ","21 ","H "," ","       ",".0000000000","Ndw2t","17133484","FIX",".0000000000",".0000000000",".0000000000"," ","Trade"
"TEST1234    ","2","B  ","DSY         ","G1263B132   ","USD","equity    ","Long Buy                                          ","06/10/2026","06/11/2026","06/10/2026","15.3794","100","Ndvyl","1537.9400","1538.5900",".3500","10:42     ","06/10/2026 10:42:00","N","71192881",".0000000000",".0000000000",".0000000000",".3000000000",".0000000000",".0000000000",".0000000000",".0000000000","58414754","99","1","LF ","21 ","H "," ","       ",".0000000000","Ndvyl","17133475","FIX",".0000000000",".0000000000",".0000000000"," ","Trade"
"TEST1234    ","2","S  ","DSY         ","G1263B132   ","USD","equity    ","Long Sell                                         ","06/10/2026","06/11/2026","06/10/2026","15.7700","-100","NdvrG","-1577.0000","-1576.7400",".3500","10:42     ","06/10/2026 10:42:00","N","71192884",".0400000000",".0000000000",".0000000000",".0000000000","-.1500000000",".0000000000",".0200000000",".0000000000","58414796","99","1","LF ","21 ","H "," ","       ",".0000000000","NdvrG","17133479","FIX",".0000000000",".0000000000",".0000000000"," ","Trade"
"TEST1234    ","2","S  ","WCT         ","G9545M123   ","USD","equity    ","Long Sell                                         ","06/10/2026","06/11/2026","06/10/2026","3.3320","-100","Ndvhl","-333.2000","-332.5200",".3500","10:48     ","06/10/2026 10:48:00","N","71193879",".0100000000",".0000000000",".0000000000",".3000000000",".0000000000",".0000000000",".0200000000",".0000000000","58406821","99","1","LF ","21 ","H "," ","       ",".0000000000","Ndvhl","17132682","FIX",".0000000000",".0000000000",".0000000000"," ","Trade"
"TEST1234    ","2","B  ","WCT         ","G9545M123   ","USD","equity    ","Long Buy                                          ","06/10/2026","06/11/2026","06/10/2026","3.5100","100","Ndvpx","351.0000","351.6500",".3500","10:48     ","06/10/2026 10:48:00","N","71193866",".0000000000",".0000000000",".0000000000",".3000000000",".0000000000",".0000000000",".0000000000",".0000000000","58415001","99","1","LF ","21 ","H "," ","       ",".0000000000","Ndvpx","17133500","FIX",".0000000000",".0000000000",".0000000000"," ","Trade"
"TEST1234    ","2","B  ","EDHL        ","G32212113   ","USD","equity    ","Long Buy                                          ","06/11/2026","06/12/2026","06/11/2026","9.8500","100","NdzVJ","985.0000","985.6500",".3500","07:31     ","06/11/2026 07:31:00","N","71218159",".0000000000",".0000000000",".0000000000",".3000000000",".0000000000",".0000000000",".0000000000",".0000000000","57960488","99","1","LF ","21 ","H "," ","       ",".0000000000","NdzVJ","17060048","FIX",".0000000000",".0000000000",".0000000000"," ","Trade"
"TEST1234    ","2","S  ","EDHL        ","G32212113   ","USD","equity    ","Long Sell                                         ","06/11/2026","06/12/2026","06/11/2026","9.9900","-100","Ndzdw","-999.0000","-998.7500",".3500","07:31     ","06/11/2026 07:31:00","N","71218233",".0300000000",".0000000000",".0000000000",".0000000000","-.1500000000",".0000000000",".0200000000",".0000000000","57960557","99","1","LF ","21 ","H "," ","       ",".0000000000","Ndzdw","17060055","FIX",".0000000000",".0000000000",".0000000000"," ","Trade"
"TEST1234    ","2","B  ","EDHL        ","G32212113   ","USD","equity    ","Long Buy                                          ","06/11/2026","06/12/2026","06/11/2026","12.0300","100","Ne0DB","1203.0000","1203.2000",".3500","07:40     ","06/11/2026 07:40:00","N","71219448",".0000000000",".0000000000",".0000000000",".0000000000","-.1500000000",".0000000000",".0000000000",".0000000000","57960417","99","1","LF ","21 ","H "," ","       ",".0000000000","Ne0DB","17060041","FIX",".0000000000",".0000000000",".0000000000"," ","Trade"
"TEST1234    ","2","S  ","EDHL        ","G32212113   ","USD","equity    ","Long Sell                                         ","06/11/2026","06/12/2026","06/11/2026","12.1803","-100","Ne0Sj","-1218.0300","-1217.3300",".3500","07:40     ","06/11/2026 07:40:00","N","71219488",".0300000000",".0000000000",".0000000000",".3000000000",".0000000000",".0000000000",".0200000000",".0000000000","57961029","99","1","LF ","21 ","H "," ","       ",".0000000000","Ne0Sj","17060102","FIX",".0000000000",".0000000000",".0000000000"," ","Trade"
"TEST1234    ","2","S  ","EDHL        ","G32212113   ","USD","equity    ","Long Sell                                         ","06/11/2026","06/12/2026","06/11/2026","11.3803","-100","Ne0Sl","-1138.0300","-1137.3300",".3500","07:48     ","06/11/2026 07:48:00","N","71220366",".0300000000",".0000000000",".0000000000",".3000000000",".0000000000",".0000000000",".0200000000",".0000000000","57961097","99","1","LF ","21 ","H "," ","       ",".0000000000","Ne0Sl","17060109","FIX",".0000000000",".0000000000",".0000000000"," ","Trade"
"TEST1234    ","2","B  ","EDHL        ","G32212113   ","USD","equity    ","Long Buy                                          ","06/11/2026","06/12/2026","06/11/2026","11.2797","100","Ne0ME","1127.9700","1128.6200",".3500","07:48     ","06/11/2026 07:48:00","N","71220354",".0000000000",".0000000000",".0000000000",".3000000000",".0000000000",".0000000000",".0000000000",".0000000000","57961159","99","1","LF ","21 ","H "," ","       ",".0000000000","Ne0ME","17060115","FIX",".0000000000",".0000000000",".0000000000"," ","Trade"
"TEST1234    ","2","B  ","FGL         ","G3662E121   ","USD","equity    ","Long Buy                                          ","06/11/2026","06/12/2026","06/11/2026","3.0097","100","Ne0LQ","300.9700","301.6200",".3500","08:01     ","06/11/2026 08:01:00","N","71221511",".0000000000",".0000000000",".0000000000",".3000000000",".0000000000",".0000000000",".0000000000",".0000000000","57960995","99","1","LF ","21 ","H "," ","       ",".0000000000","Ne0LQ","17060099","FIX",".0000000000",".0000000000",".0000000000"," ","Trade"
"TEST1234    ","2","S  ","FGL         ","G3662E121   ","USD","equity    ","Long Sell                                         ","06/11/2026","06/12/2026","06/11/2026","2.8503","-100","Ne0UO","-285.0300","-284.3500",".3500","08:01     ","06/11/2026 08:01:00","N","71221599",".0100000000",".0000000000",".0000000000",".3000000000",".0000000000",".0000000000",".0200000000",".0000000000","57963421","99","1","LF ","21 ","H "," ","       ",".0000000000","Ne0UO","17060342","FIX",".0000000000",".0000000000",".0000000000"," ","Trade"
"TEST1234    ","2","B  ","FGL         ","G3662E121   ","USD","equity    ","Long Buy                                          ","06/11/2026","06/12/2026","06/11/2026","3.2600","100","Ne0Yv","326.0000","326.6500",".3500","08:02     ","06/11/2026 08:02:00","N","71221623",".0000000000",".0000000000",".0000000000",".3000000000",".0000000000",".0000000000",".0000000000",".0000000000","57963659","99","1","LF ","21 ","H "," ","       ",".0000000000","Ne0Yv","17060365","FIX",".0000000000",".0000000000",".0000000000"," ","Trade"
"TEST1234    ","2","S  ","FGL         ","G3662E121   ","USD","equity    ","Long Sell                                         ","06/11/2026","06/12/2026","06/11/2026","3.7494","-100","Ne0Vw","-374.9400","-374.2600",".3500","08:03     ","06/11/2026 08:03:00","N","71222083",".0100000000",".0000000000",".0000000000",".3000000000",".0000000000",".0000000000",".0200000000",".0000000000","57962621","99","1","LF ","21 ","H "," ","       ",".0000000000","Ne0Vw","17060262","FIX",".0000000000",".0000000000",".0000000000"," ","Trade"
"TEST1234    ","2","B  ","FGL         ","G3662E121   ","USD","equity    ","Long Buy                                          ","06/11/2026","06/12/2026","06/11/2026","3.8997","100","Ne0Lr","389.9700","390.6200",".3500","08:03     ","06/11/2026 08:03:00","N","71222097",".0000000000",".0000000000",".0000000000",".3000000000",".0000000000",".0000000000",".0000000000",".0000000000","57962649","99","1","LF ","21 ","H "," ","       ",".0000000000","Ne0Lr","17060264","FIX",".0000000000",".0000000000",".0000000000"," ","Trade"
"TEST1234    ","2","B  ","FGL         ","G3662E121   ","USD","equity    ","Long Buy                                          ","06/11/2026","06/12/2026","06/11/2026","3.9697","100","Ne0Np","396.9700","397.6200",".3500","08:03     ","06/11/2026 08:03:00","N","71222009",".0000000000",".0000000000",".0000000000",".3000000000",".0000000000",".0000000000",".0000000000",".0000000000","57963246","99","1","LF ","21 ","H "," ","       ",".0000000000","Ne0Np","17060324","FIX",".0000000000",".0000000000",".0000000000"," ","Trade"
"TEST1234    ","2","S  ","FGL         ","G3662E121   ","USD","equity    ","Long Sell                                         ","06/11/2026","06/12/2026","06/11/2026","3.6303","-100","Ne0JI","-363.0300","-362.3500",".3500","08:03     ","06/11/2026 08:03:00","N","71221872",".0100000000",".0000000000",".0000000000",".3000000000",".0000000000",".0000000000",".0200000000",".0000000000","57963330","99","1","LF ","21 ","H "," ","       ",".0000000000","Ne0JI","17060333","FIX",".0000000000",".0000000000",".0000000000"," ","Trade"
"TEST1234    ","2","S  ","FGL         ","G3662E121   ","USD","equity    ","Long Sell                                         ","06/11/2026","06/12/2026","06/11/2026","3.5400","-100","Ne0Nn","-354.0000","-353.3200",".3500","08:04     ","06/11/2026 08:04:00","N","71222206",".0100000000",".0000000000",".0000000000",".3000000000",".0000000000",".0000000000",".0200000000",".0000000000","57963171","99","1","LF ","21 ","H "," ","       ",".0000000000","Ne0Nn","17060317","FIX",".0000000000",".0000000000",".0000000000"," ","Trade"
"TEST1234    ","2","B  ","EDHL        ","G32212113   ","USD","equity    ","Long Buy                                          ","06/11/2026","06/12/2026","06/11/2026","13.5497","100","Ne0T1","1354.9700","1355.6200",".3500","08:38     ","06/11/2026 08:38:00","N","71224992",".0000000000",".0000000000",".0000000000",".3000000000",".0000000000",".0000000000",".0000000000",".0000000000","57963146","99","1","LF ","21 ","H "," ","       ",".0000000000","Ne0T1","17060314","FIX",".0000000000",".0000000000",".0000000000"," ","Trade"
"TEST1234    ","2","S  ","EDHL        ","G32212113   ","USD","equity    ","Long Sell                                         ","06/11/2026","06/12/2026","06/11/2026","13.0003","-100","Ne0MM","-1300.0300","-1299.3300",".3500","08:40     ","06/11/2026 08:40:00","N","71225038",".0300000000",".0000000000",".0000000000",".3000000000",".0000000000",".0000000000",".0200000000",".0000000000","57962850","99","1","LF ","21 ","H "," ","       ",".0000000000","Ne0MM","17060285","FIX",".0000000000",".0000000000",".0000000000"," ","Trade"
"TEST1234    ","2","S  ","EDHL        ","G32212113   ","USD","equity    ","Long Sell                                         ","06/11/2026","06/12/2026","06/11/2026","13.6703","-25","Ne0Sd","-341.7600","-341.4200",".2500","08:41     ","06/11/2026 08:41:00","N","71225095",".0100000000",".0000000000",".0000000000",".0800000000",".0000000000",".0000000000",".0000000000",".0000000000","57960679","99","1","LF ","21 ","H "," ","       ",".0000000000","Ne0Sd","17060067","FIX",".0000000000",".0000000000",".0000000000"," ","Trade"
"TEST1234    ","2","B  ","EDHL        ","G32212113   ","USD","equity    ","Long Buy                                          ","06/11/2026","06/12/2026","06/11/2026","13.4000","100","Ne0LY","1340.0000","1340.6500",".3500","08:41     ","06/11/2026 08:41:00","N","71225054",".0000000000",".0000000000",".0000000000",".3000000000",".0000000000",".0000000000",".0000000000",".0000000000","57961286","99","1","LF ","21 ","H "," ","       ",".0000000000","Ne0LY","17060128","FIX",".0000000000",".0000000000",".0000000000"," ","Trade"
"TEST1234    ","2","S  ","EDHL        ","G32212113   ","USD","equity    ","Long Sell                                         ","06/11/2026","06/12/2026","06/11/2026","13.8700","-38","Ne0LJ","-527.0600","-526.8600",".2500","08:42     ","06/11/2026 08:42:00","N","71225120",".0200000000",".0000000000",".0000000000",".0000000000","-.0800000000",".0000000000",".0100000000",".0000000000","57960652","99","1","LF ","21 ","H "," ","       ",".0000000000","Ne0LJ","17060065","FIX",".0000000000",".0000000000",".0000000000"," ","Trade"
"TEST1234    ","2","S  ","EDHL        ","G32212113   ","USD","equity    ","Long Sell                                         ","06/11/2026","06/12/2026","06/11/2026","13.8000","-37","Ne0LM","-510.6000","-510.3800",".2500","08:42     ","06/11/2026 08:42:00","N","71225131",".0200000000",".0000000000",".0000000000",".0000000000","-.0600000000",".0000000000",".0100000000",".0000000000","57960791","99","1","LF ","21 ","H "," ","       ",".0000000000","Ne0LM","17060079","FIX",".0000000000",".0000000000",".0000000000"," ","Trade"
"TEST1234    ","2","B  ","EDHL        ","G32212113   ","USD","equity    ","Long Buy                                          ","06/11/2026","06/12/2026","06/11/2026","16.6000","100","Ne0Se","1660.0000","1660.6500",".3500","08:55     ","06/11/2026 08:55:00","N","71225842",".0000000000",".0000000000",".0000000000",".3000000000",".0000000000",".0000000000",".0000000000",".0000000000","57960733","99","1","LF ","21 ","H "," ","       ",".0000000000","Ne0Se","17060073","FIX",".0000000000",".0000000000",".0000000000"," ","Trade"
"TEST1234    ","2","S  ","EDHL        ","G32212113   ","USD","equity    ","Long Sell                                         ","06/11/2026","06/12/2026","06/11/2026","16.9500","-25","Ne0Pb","-423.7500","-423.5400",".2500","08:57     ","06/11/2026 08:57:00","N","71226031",".0100000000",".0000000000",".0000000000",".0000000000","-.0500000000",".0000000000",".0000000000",".0000000000","57960700","99","1","LF ","21 ","H "," ","       ",".0000000000","Ne0Pb","17060070","FIX",".0000000000",".0000000000",".0000000000"," ","Trade"
"TEST1234    ","2","S  ","EDHL        ","G32212113   ","USD","equity    ","Long Sell                                         ","06/11/2026","06/12/2026","06/11/2026","15.3703","-75","Ne0U9","-1152.7700","-1152.2500",".2600","08:57     ","06/11/2026 08:57:00","N","71226111",".0300000000",".0000000000",".0000000000",".2200000000",".0000000000",".0000000000",".0100000000",".0000000000","57961239","99","1","LF ","21 ","H "," ","       ",".0000000000","Ne0U9","17060123","FIX",".0000000000",".0000000000",".0000000000"," ","Trade"
"TEST1234    ","2","S  ","EDHL        ","G32212113   ","USD","equity    ","Long Sell                                         ","06/11/2026","06/12/2026","06/11/2026","16.3700","-100","Ndz4U","-1637.0000","-1636.7400",".3500","08:59     ","06/11/2026 08:59:00","N","71226204",".0400000000",".0000000000",".0000000000",".0000000000","-.1500000000",".0000000000",".0200000000",".0000000000","57963368","99","1","LF ","21 ","H "," ","       ",".0000000000","Ndz4U","17060336","FIX",".0000000000",".0000000000",".0000000000"," ","Trade"
"TEST1234    ","2","B  ","EDHL        ","G32212113   ","USD","equity    ","Long Buy                                          ","06/11/2026","06/12/2026","06/11/2026","15.7398","100","Ne01n","1573.9800","1574.5300",".3500","08:59     ","06/11/2026 08:59:00","N","71226159",".0000000000",".0000000000",".0000000000",".2300000000","-.0300000000",".0000000000",".0000000000",".0000000000","57963503","99","1","LF ","21 ","H "," ","       ",".0000000000","Ne01n","17060350","FIX",".0000000000",".0000000000",".0000000000"," ","Trade"
"TEST1234    ","2","S  ","EDHL        ","G32212113   ","USD","equity    ","Long Sell                                         ","06/11/2026","06/12/2026","06/11/2026","17.3103","-100","Ne0T4","-1731.0300","-1730.3100",".3500","09:04     ","06/11/2026 09:04:00","N","71226463",".0400000000",".0000000000",".0000000000",".3100000000",".0000000000",".0000000000",".0200000000",".0000000000","57963328","99","1","LF ","21 ","H "," ","       ",".0000000000","Ne0T4","17060332","FIX",".0000000000",".0000000000",".0000000000"," ","Trade"
"TEST1234    ","2","B  ","EDHL        ","G32212113   ","USD","equity    ","Long Buy                                          ","06/11/2026","06/12/2026","06/11/2026","16.9997","100","Ne0XP","1699.9700","1700.6200",".3500","09:04     ","06/11/2026 09:04:00","N","71226438",".0000000000",".0000000000",".0000000000",".3000000000",".0000000000",".0000000000",".0000000000",".0000000000","57963547","99","1","LF ","21 ","H "," ","       ",".0000000000","Ne0XP","17060354","FIX",".0000000000",".0000000000",".0000000000"," ","Trade"
"TEST1234    ","2","B  ","EDHL        ","G32212113   ","USD","equity    ","Long Buy                                          ","06/11/2026","06/12/2026","06/11/2026","17.5398","100","Ndz84","1753.9800","1754.6300",".3500","09:16     ","06/11/2026 09:16:00","N","71227038",".0000000000",".0000000000",".0000000000",".3000000000",".0000000000",".0000000000",".0000000000",".0000000000","57962888","99","1","LF ","21 ","H "," ","       ",".0000000000","Ndz84","17060288","FIX",".0000000000",".0000000000",".0000000000"," ","Trade"
"TEST1234    ","2","S  ","EDHL        ","G32212113   ","USD","equity    ","Long Sell                                         ","06/11/2026","06/12/2026","06/11/2026","16.5601","-100","Ne0Lq","-1656.0100","-1655.3000",".3500","09:17     ","06/11/2026 09:17:00","N","71227069",".0400000000",".0000000000",".0000000000",".3000000000",".0000000000",".0000000000",".0200000000",".0000000000","57962571","99","1","LF ","21 ","H "," ","       ",".0000000000","Ne0Lq","17060257","FIX",".0000000000",".0000000000",".0000000000"," ","Trade"
"TEST1234    ","2","B  ","EDHL        ","G32212113   ","USD","equity    ","Long Buy                                          ","06/11/2026","06/12/2026","06/11/2026","16.9097","100","Ne0Pq","1690.9700","1691.6200",".3500","09:18     ","06/11/2026 09:18:00","N","71227088",".0000000000",".0000000000",".0000000000",".3000000000",".0000000000",".0000000000",".0000000000",".0000000000","57962601","99","1","LF ","21 ","H "," ","       ",".0000000000","Ne0Pq","17060260","FIX",".0000000000",".0000000000",".0000000000"," ","Trade"
"TEST1234    ","2","S  ","EDHL        ","G32212113   ","USD","equity    ","Long Sell                                         ","06/11/2026","06/12/2026","06/11/2026","17.2000","-100","Ndz82","-1720.0000","-1719.7400",".3500","09:19     ","06/11/2026 09:19:00","N","71227131",".0400000000",".0000000000",".0000000000",".0000000000","-.1500000000",".0000000000",".0200000000",".0000000000","57962761","99","1","LF ","21 ","H "," ","       ",".0000000000","Ndz82","17060276","FIX",".0000000000",".0000000000",".0000000000"," ","Trade"
"TEST1234    ","2","B  ","VELO        ","92259N302   ","USD","equity    ","Long Buy                                          ","06/11/2026","06/12/2026","06/11/2026","24.9675","100","Ne0Q5","2496.7500","2497.4000",".3500","09:31     ","06/11/2026 09:31:00","N","71227732",".0000000000",".0000000000",".0000000000",".3000000000",".0000000000",".0000000000",".0000000000",".0000000000","57963698","99","1","LF ","21 ","H "," ","       ",".0000000000","Ne0Q5","17060369","FIX",".0000000000",".0000000000",".0000000000"," ","Trade"
"TEST1234    ","2","S  ","VELO        ","92259N302   ","USD","equity    ","Long Sell                                         ","06/11/2026","06/12/2026","06/11/2026","25.3600","-100","Ndz7w","-2536.0000","-2535.7200",".3500","09:32     ","06/11/2026 09:32:00","N","71227793",".0600000000",".0000000000",".0000000000",".0000000000","-.1500000000",".0000000000",".0200000000",".0000000000","57961508","99","1","LF ","21 ","H "," ","       ",".0000000000","Ndz7w","17060150","FIX",".0000000000",".0000000000",".0000000000"," ","Trade"
"TEST1234    ","2","B  ","PPCB        ","74346N800   ","USD","equity    ","Long Buy                                          ","06/11/2026","06/12/2026","06/11/2026","5.3500","100","Ne0LO","535.0000","535.6500",".3500","09:41     ","06/11/2026 09:41:00","N","71230098",".0000000000",".0000000000",".0000000000",".3000000000",".0000000000",".0000000000",".0000000000",".0000000000","57960890","99","1","LF ","21 ","H "," ","       ",".0000000000","Ne0LO","17060089","FIX",".0000000000",".0000000000",".0000000000"," ","Trade"
"TEST1234    ","2","S  ","PPCB        ","74346N800   ","USD","equity    ","Long Sell                                         ","06/11/2026","06/12/2026","06/11/2026","5.8887","-100","Ne0JB","-588.8700","-588.1800",".3500","09:43     ","06/11/2026 09:43:00","N","71230508",".0200000000",".0000000000",".0000000000",".3000000000",".0000000000",".0000000000",".0200000000",".0000000000","57961612","99","1","LF ","21 ","H "," ","       ",".0000000000","Ne0JB","17060161","FIX",".0000000000",".0000000000",".0000000000"," ","Trade"
"TEST1234    ","2","B  ","PPCB        ","74346N800   ","USD","equity    ","Long Buy                                          ","06/11/2026","06/12/2026","06/11/2026","6.1450","100","NdzVK","614.5000","615.1500",".3500","09:44     ","06/11/2026 09:44:00","N","71230966",".0000000000",".0000000000",".0000000000",".3000000000",".0000000000",".0000000000",".0000000000",".0000000000","57960761","99","1","LF ","21 ","H "," ","       ",".0000000000","NdzVK","17060076","FIX",".0000000000",".0000000000",".0000000000"," ","Trade"
"TEST1234    ","2","S  ","PPCB        ","74346N800   ","USD","equity    ","Long Sell                                         ","06/11/2026","06/12/2026","06/11/2026","6.5100","-100","Ne0U4","-651.0000","-650.3100",".3500","09:45     ","06/11/2026 09:45:00","N","71231252",".0200000000",".0000000000",".0000000000",".3000000000",".0000000000",".0000000000",".0200000000",".0000000000","57960909","99","1","LF ","21 ","H "," ","       ",".0000000000","Ne0U4","17060090","FIX",".0000000000",".0000000000",".0000000000"," ","Trade"
